batch_time_avg,batch_time_cv_percent,batch_time_max,batch_time_max_min_ratio,batch_time_min,batches_per_second,epoch,step,train_loss,train_main_loss,train_vae_loss
,,,,,,0,49,1.3597121238708496,1.2506028413772583,0.10910934209823608
1.119250774383545,118.85926055908203,8.857507705688477,36.0449333190918,0.24573516845703125,0.8934548497200012,0,99,1.301649808883667,1.2376412153244019,0.06400854885578156
,,,,,,1,149,1.4819135665893555,1.4261077642440796,0.055805791169404984
0.5210644602775574,57.10634994506836,1.3258471488952637,8.851567268371582,0.14978671073913574,1.9191482067108154,1,199,1.2706459760665894,1.2301393747329712,0.04050659015774727
