batch_time_avg,batch_time_cv_percent,batch_time_max,batch_time_max_min_ratio,batch_time_min,batches_per_second,epoch,step,train_loss,train_main_loss,train_vae_loss
,,,,,,0,49,1.5501081943511963,1.4384913444519043,0.11161689460277557
0.8717617392539978,138.9571533203125,8.750890731811523,38.54520034790039,0.22702932357788086,1.1471023559570312,0,99,1.2827798128128052,1.2101669311523438,0.07261287420988083
,,,,,,1,149,1.7530969381332397,1.670045256614685,0.08305169641971588
0.5425408482551575,65.06793975830078,1.2815165519714355,7.659369945526123,0.1673135757446289,1.8431792259216309,1,199,1.0419678688049316,0.9933539032936096,0.048614002764225006
