batch_time_avg,batch_time_cv_percent,batch_time_max,batch_time_max_min_ratio,batch_time_min,batches_per_second,epoch,step,train_loss,train_main_loss,train_vae_loss
,,,,,,0,49,1.150457501411438,1.0702835321426392,0.08017396926879883
0.8638482689857483,124.40853118896484,8.116710662841797,30.516162872314453,0.26598072052001953,1.1576106548309326,0,99,1.190515398979187,1.1197932958602905,0.07072213292121887
,,,,,,1,149,0.9524050951004028,0.8983666896820068,0.0540384016931057
0.40417569875717163,45.19232177734375,1.1790544986724854,7.215864181518555,0.16339755058288574,2.4741714000701904,1,199,0.8598828315734863,0.8219047784805298,0.037978049367666245
0.8944947123527527,64.54530334472656,4.556395053863525,17.66082763671875,0.2579944133758545,1.1179496049880981,1,249,0.9206209182739258,0.8884347677230835,0.032186172902584076
