batch_time_avg,batch_time_cv_percent,batch_time_max,batch_time_max_min_ratio,batch_time_min,batches_per_second,epoch,l_cov,l_mean,l_sd,step,train_loss,train_vae_loss
,,,,,,0,61.847496032714844,167.1859588623047,171.84884643554688,49,406.8332214355469,5.950887680053711
0.36734241247177124,43.323360443115234,0.918128490447998,4.176469802856445,0.2198336124420166,2.7222557067871094,0,63.42829132080078,162.90420532226562,161.50442504882812,99,392.23931884765625,4.402441024780273
0.2912397086620331,19.630128860473633,0.43554019927978516,2.0860555171966553,0.2087864875793457,3.4335975646972656,0,69.02290344238281,166.3517303466797,163.24609375,149,401.9996643066406,3.3789336681365967
,,,,,,1,60.130897521972656,153.5264892578125,161.08106994628906,199,377.9585876464844,3.220137119293213
0.4008287787437439,55.180843353271484,1.7326512336730957,15.832616806030273,0.1094355583190918,2.494830846786499,1,58.42881774902344,145.41748046875,160.78973388671875,249,367.7417907714844,3.1057562828063965
0.2825777530670166,15.104299545288086,0.4192769527435303,1.8843941688537598,0.22249960899353027,3.538848876953125,1,62.758758544921875,143.15798950195312,159.45394897460938,299,367.95599365234375,2.5853335857391357
