batch_time_avg,batch_time_cv_percent,batch_time_max,batch_time_max_min_ratio,batch_time_min,batches_per_second,epoch,step,train_loss,train_main_loss,train_vae_loss
,,,,,,0,49,1.6951466798782349,1.548645257949829,0.14650137722492218
0.9277706146240234,118.77360534667969,8.361896514892578,36.6428108215332,0.22820019721984863,1.0778526067733765,0,99,0.9012128710746765,0.8540748357772827,0.04713805019855499
0.3315318822860718,22.94267463684082,0.5727324485778809,2.5030155181884766,0.22881698608398438,3.016301155090332,0,149,1.433139443397522,1.3717050552368164,0.06143440306186676
,,,,,,1,199,1.257551670074463,1.2036182880401611,0.05393338203430176
