batch_time_avg,batch_time_cv_percent,batch_time_max,batch_time_max_min_ratio,batch_time_min,batches_per_second,epoch,l_cov,l_mean,l_sd,step,train_loss,train_vae_loss
,,,,,,0,59.87074279785156,184.23416137695312,179.8918914794922,49,429.5321044921875,5.535287380218506
0.37614238262176514,39.284481048583984,1.070051908493042,5.0622992515563965,0.21137666702270508,2.6585676670074463,0,56.6010856628418,135.62289428710938,153.54562377929688,99,350.07244873046875,4.302859783172607
0.29531130194664,18.091333389282227,0.4397425651550293,2.0237574577331543,0.21729016304016113,3.3862571716308594,0,59.399017333984375,155.935302734375,161.20396423339844,149,380.18841552734375,3.650148868560791
,,,,,,1,62.257415771484375,144.3914794921875,161.0830841064453,199,371.5352783203125,3.8033063411712646
0.4106711149215698,49.22983932495117,1.4100964069366455,22.622987747192383,0.06233024597167969,2.4350385665893555,1,59.76001739501953,145.35916137695312,155.38955688476562,249,363.706787109375,3.198059558868408
0.2878793776035309,15.45146369934082,0.39626383781433105,1.8451262712478638,0.21476244926452637,3.473677158355713,1,61.568748474121094,135.29739379882812,157.33657836914062,299,357.3721008300781,3.169382333755493
