batch_time_avg,batch_time_cv_percent,batch_time_max,batch_time_max_min_ratio,batch_time_min,batches_per_second,epoch,step,train_loss,train_main_loss,train_vae_loss
,,,,,,0,49,2.412412643432617,2.237118721008301,0.17529404163360596
0.703106164932251,97.74370574951172,5.029486656188965,19.57407569885254,0.256946325302124,1.4222602844238281,0,99,1.1694550514221191,1.0911329984664917,0.07832200080156326
0.3340827226638794,26.92222023010254,0.6183350086212158,2.6568644046783447,0.23273110389709473,2.9932706356048584,0,149,0.951346755027771,0.9067578315734863,0.04458891600370407
