batch_time_avg,batch_time_cv_percent,batch_time_max,batch_time_max_min_ratio,batch_time_min,batches_per_second,epoch,step,train_loss,train_main_loss,train_vae_loss
,,,,,,0,49,1.7202938795089722,1.6081016063690186,0.11219225823879242
0.6067253351211548,192.65504455566406,8.67215633392334,36.7025146484375,0.2362823486328125,1.6481921672821045,0,99,1.4229298830032349,1.3576191663742065,0.0653107538819313
0.4264824390411377,40.33340072631836,0.8272705078125,4.454328536987305,0.18572282791137695,2.3447625637054443,0,149,1.4344244003295898,1.375823974609375,0.05860038101673126
,,,,,,1,199,1.346295952796936,1.2914786338806152,0.05481729656457901
