epoch,l_cov,l_mean,l_sd,step,train_loss,train_vae_loss
0,63.52656555175781,165.3377227783203,163.642578125,49,397.51849365234375,5.0116424560546875
