epoch,l_cos,l_mean,step,train_loss,train_vae_loss
0,0.33889609575271606,0.12742449343204498,49,0.9118049144744873,0.44548436999320984
