batch_time_avg,batch_time_cv_percent,batch_time_max,batch_time_max_min_ratio,batch_time_min,batches_per_second,epoch,l_cov,l_mean,l_sd,step,train_loss,train_vae_loss
,,,,,,0,55.6326904296875,187.04409790039062,153.43728637695312,49,402.7528991699219,6.638813018798828
0.37609806656837463,45.175479888916016,1.1459131240844727,5.178413391113281,0.22128653526306152,2.6588809490203857,0,55.238189697265625,148.55918884277344,146.59872436523438,99,354.2806091308594,3.884493827819824
0.29927676916122437,17.174043655395508,0.44115781784057617,2.0210587978363037,0.21828055381774902,3.341388463973999,0,57.38288497924805,136.80885314941406,148.4481658935547,149,346.1526184082031,3.512727737426758
,,,,,,1,58.867523193359375,148.4979705810547,150.58937072753906,199,360.9954833984375,3.040635585784912
0.421815425157547,49.97134780883789,1.507025957107544,16.94072914123535,0.088958740234375,2.3707051277160645,1,52.910888671875,138.30145263671875,149.32669067382812,249,343.4803161621094,2.941303014755249
0.2891284227371216,16.350439071655273,0.4017796516418457,1.9155805110931396,0.20974302291870117,3.4586706161499023,1,61.81334686279297,150.662841796875,149.61871337890625,299,364.84857177734375,2.7536630630493164
