batch_time_avg,batch_time_cv_percent,batch_time_max,batch_time_max_min_ratio,batch_time_min,batches_per_second,epoch,step,train_loss,train_main_loss,train_vae_loss
,,,,,,0,49,1.5447748899459839,1.454748272895813,0.0900266170501709
0.39113038778305054,108.54086303710938,3.2004501819610596,18.19192886352539,0.17592692375183105,2.556692123413086,0,99,1.02494215965271,0.9687507748603821,0.0561913326382637
0.4200119376182556,31.456314086914062,0.6349475383758545,3.357103109359741,0.18913555145263672,2.380884885787964,0,149,1.5163956880569458,1.4521727561950684,0.06422296166419983
,,,,,,1,199,0.8984348773956299,0.8648940324783325,0.033540863543748856
