batch_time_avg,batch_time_cv_percent,batch_time_max,batch_time_max_min_ratio,batch_time_min,batches_per_second,epoch,step,train_loss,train_main_loss,train_vae_loss
,,,,,,0,49,1.7837646007537842,1.667933464050293,0.11583118140697479
0.3427230417728424,71.558837890625,1.9242911338806152,10.145757675170898,0.18966460227966309,2.9178080558776855,0,99,0.9247217178344727,0.876486599445343,0.048235125839710236
0.4862027168273926,34.37324142456055,0.9223129749298096,3.9918532371520996,0.2310488224029541,2.056755304336548,0,149,1.214043140411377,1.166633129119873,0.047409992665052414
